source_video,split,sha256,status
D:\Users\L1\Downloads\archive\video\cctv052x2004080519x01684.avi,train,17570b9978f5e932e6f0d79234e33a99594c5df6d0c273ab3860c942cf38d675,used
D:\Users\L1\Downloads\archive\video\cctv052x2004080609x01874.avi,train,9cdb9da904eccfa3a9fe9760803d5b3c9d79a963c4625ed734878415508dbfba,used
D:\Users\L1\Downloads\archive\video\cctv052x2004080516x01647.avi,train,db0ddb354e53efd143fce275253dadd9aec12c837cf56442fb3b25ebba16a62f,used
D:\Users\L1\Downloads\archive\video\cctv052x2004080607x01845.avi,train,758490af6d91bfe4847933af56d55ca7b895179d1d89603da2e2d86b972005d0,used
D:\Users\L1\Downloads\archive\video\cctv052x2004080609x01865.avi,train,23b6ba6372004d1a63447a01b676665df896a46ace170ca453eca20ec50cfc66,used
D:\Users\L1\Downloads\archive\video\cctv052x2004080616x00059.avi,train,5fad06df04989bd775e1ffe077b8cbc854313f7ce2e077b48dde0cd5931e7eb4,used
D:\Users\L1\Downloads\archive\video\cctv052x2004080617x00073.avi,train,e678027bc82c2e25f1b2329c97aa6c6cfd04c4a71e87ecd0ad3986029963968e,used
D:\Users\L1\Downloads\archive\video\cctv052x2004080611x01895.avi,train,8e528641a08ec9eb7ee64e0c88623febb5fefec5a8d3a366dab8b0877e40f0a8,used
D:\Users\L1\Downloads\archive\video\cctv052x2004080616x00050.avi,train,ef2af7a54deeb8ea31055ca466290aceb732c6baeeeb3da121898c447c627bf1,used
D:\Users\L1\Downloads\archive\video\cctv052x2004080519x01683.avi,train,6bd83d6deeb86b2bb4209597b387098eaa21b13aa7282f838005b3337194a735,used
D:\Users\L1\Downloads\archive\video\cctv052x2004080610x01887.avi,train,83255ea5dad71b4e39346913f8ed4feaddd6276ece1968cbd5941c665d4fed76,used
D:\Users\L1\Downloads\archive\video\cctv052x2004080616x00057.avi,train,e5f6285f461ae9ee462eb0569ef5455b6488356686e6eb8a5302ce3e153e507e,used
D:\Users\L1\Downloads\archive\video\cctv052x2004080518x01668.avi,train,8f5c11d46c3e697199849ec7eafb3952ad57fec91db80e1491b5a7ce65cddf49,used
D:\Users\L1\Downloads\archive\video\cctv052x2004080607x01838.avi,train,e85e636b89edc69b675243a1d73d4763e70b06c52d80a0abe0071181b71e9299,used
D:\Users\L1\Downloads\archive\video\cctv052x2004080609x01876.avi,train,d4f34caa921852ef2246deee8cb7e85a098f9b82677d3928c9c2a5e517bf27d7,used
D:\Users\L1\Downloads\archive\video\cctv052x2004080611x01903.avi,train,355058761bfe1ab6f48b9f099653887f97fed3b7dc9169a4633e1400707b5ba5,used
D:\Users\L1\Downloads\archive\video\cctv052x2004080517x01660.avi,train,c9787f4d4cebdc7f4b4d57193c1aa3124bbe1f55e41f1def735fe65fe8815562,used
D:\Users\L1\Downloads\archive\video\cctv052x2004080610x01884.avi,train,ea5804dea1b2467f041a34eab12bf464ff9087b6164676f61db1458f8ba7632a,used
D:\Users\L1\Downloads\archive\video\cctv052x2004080616x00052.avi,train,b36b8751f07d03f48cb542754a7ad3bea724f0c6ca6beaf427b8f9c1dc92d354,used
D:\Users\L1\Downloads\archive\video\cctv052x2004080617x00070.avi,train,c8fd949c907da42c509ea1872c39e7ff3ffb0c5d04f7d7e3de30903d52ea5f3e,used
D:\Users\L1\Downloads\archive\video\cctv052x2004080612x01911.avi,train,0d9b50b657ef9bf4d344e9e6881791f10c490343943856d72bb452cca96ab054,used
D:\Users\L1\Downloads\archive\video\cctv052x2004080615x00030.avi,train,67743246c55c1fcaa5f3203ab0ab09593d9d7d2598d033101f084a3c75fbfa3e,used
D:\Users\L1\Downloads\archive\video\cctv052x2004080606x01826.avi,train,b15b85681c9e3c2c24392bff0ebd9e6fc4ce2038923787d78629e8a3efdeb486,used
D:\Users\L1\Downloads\archive\video\cctv052x2004080610x01883.avi,train,ee2d86a003aac137e4c26df0ee019eafc7bccdbc3a41038c709d879372799828,used
D:\Users\L1\Downloads\archive\video\cctv052x2004080612x00005.avi,train,c84dfbce9997262e462c9ace15e0df7640ad18879050e68397b6eb12955b2535,used
D:\Users\L1\Downloads\archive\video\cctv052x2004080619x00090.avi,train,b3608b18faed2f6640e4eac616f8cbee5df504525a4ea29549e883c9610eaeb8,used
D:\Users\L1\Downloads\archive\video\cctv052x2004080607x01844.avi,train,051719b8c56be16567822bb2bc7d84c6d82488b0f3d63657c6b81d6647b42c99,used
D:\Users\L1\Downloads\archive\video\cctv052x2004080616x00051.avi,train,34df8b6258102b3992ea7858b4d24c5a798a7add60368196827c52599c76910e,used
D:\Users\L1\Downloads\archive\video\cctv052x2004080617x00065.avi,train,11290c3d3dd95d1c08ebf08449b338127b3e422e6cc22f86ed0f56a0cb9ec05f,used
D:\Users\L1\Downloads\archive\video\cctv052x2004080610x01880.avi,train,63140059053bd0d669a0ff0604fed57875d5e82d30f9e05b357b47f0c933c150,used
D:\Users\L1\Downloads\archive\video\cctv052x2004080620x00108.avi,train,d70a4c0afd040719dbcef4b3408fe6461ddd96c721e1332482a325a09f9bd0a1,used
D:\Users\L1\Downloads\archive\video\cctv052x2004080606x01820.avi,train,d67fd6001ca6c5492204d09258189a52e3199b47810a15d843758407d37ae77d,used
D:\Users\L1\Downloads\archive\video\cctv052x2004080606x01833.avi,train,d12ff36e305d072382811827ebb56cd9906ffc1420ac6e6c0d3636717c8b092d,used
D:\Users\L1\Downloads\archive\video\cctv052x2004080619x00102.avi,train,865c7928ab4b60ac1d66829d2a2b69b2f0f4a4990ce13edc2afc96e9fb352e44,used
D:\Users\L1\Downloads\archive\video\cctv052x2004080516x01650.avi,train,d9f155bbc127cac1d23fa1899a66ebcb669351e1663868144af3f58a852d4b49,used
D:\Users\L1\Downloads\archive\video\cctv052x2004080613x00016.avi,train,8d421498e48885bc719043379c1df4fe3bf72d08fb2b1fab2dd49be04737eb38,used
D:\Users\L1\Downloads\archive\video\cctv052x2004080609x01860.avi,train,ddd09b0647a0a9772af2d3f2b4474a40d2d101132a2c1e18c9e69c2f7e3edba0,used
D:\Users\L1\Downloads\archive\video\cctv052x2004080518x01666.avi,train,ffbd0d58105c156679d1095cc9e5382ef87e94fc2909d9b7281ff73d4e28b40a,used
D:\Users\L1\Downloads\archive\video\cctv052x2004080617x00075.avi,train,c0cc31b152b0abca317b352fd9e45d3702d7f85d57a44b08c8e16332bed51dd3,used
D:\Users\L1\Downloads\archive\video\cctv052x2004080609x01870.avi,train,169e63e3efea0d9967dcf307133d7346b848cb7d6767033bff262b94a05eeae9,used
D:\Users\L1\Downloads\archive\video\cctv052x2004080611x01901.avi,train,4c4e1affae4b8ac5390edc20e57304c86d8e0b413353d02ee0dc9293cfeea919,used
D:\Users\L1\Downloads\archive\video\cctv052x2004080516x01648.avi,train,2d25a9735a4822bc52f3c4aa442b7026a77d12b420b49ef03767afbc47da6427,used
D:\Users\L1\Downloads\archive\video\cctv052x2004080618x00086.avi,train,50bb9953c7f759138bc603b264bda59bd5ee1ecf2ce9f4de8ab8e81cc8da290a,used
D:\Users\L1\Downloads\archive\video\cctv052x2004080518x01669.avi,train,a32cb937281094ce9b7de7ad02c34a1d7a4310798a9d62842aa1505f6631b225,used
D:\Users\L1\Downloads\archive\video\cctv052x2004080519x01681.avi,train,ce02388f6ac35a76236fc3fd7f17f2db5a5e673f7d4a6f90c9a5db63539c7e02,used
D:\Users\L1\Downloads\archive\video\cctv052x2004080618x00079.avi,train,f2e34b75b67ba8be8c676e67b18a920e2be961039423fbb37b7c5610930f4c58,used
D:\Users\L1\Downloads\archive\video\cctv052x2004080609x01863.avi,train,c7bcac92667f5d1fbc16d3bec07d075133a536a7df3c24927721398263370d16,used
D:\Users\L1\Downloads\archive\video\cctv052x2004080608x01849.avi,train,8ef4f0c5b5ad18c52e3d9fc8ed021d1a925b46b88cc8aa2e6503f96a07755a13,used
D:\Users\L1\Downloads\archive\video\cctv052x2004080516x01642.avi,train,788c736f261568f55947ba897ad47f527f33381e1e562cfae07a08e2e82fae9d,used
D:\Users\L1\Downloads\archive\video\cctv052x2004080617x00077.avi,train,e44c641ce6dff4598addc3a66c4b386420587699fc04e9ea22eee933dbd76040,used
D:\Users\L1\Downloads\archive\video\cctv052x2004080610x01881.avi,train,9511e380f1006ffd8a042658350675a2b0636968b98e97da0336455906db8e4d,used
D:\Users\L1\Downloads\archive\video\cctv052x2004080519x01691.avi,train,de542ea9490cf9ae9f4f07c6184faa085ac02f68c2b2d6c6b5ee45647332a03a,used
D:\Users\L1\Downloads\archive\video\cctv052x2004080516x01643.avi,train,7fa46b136fcae01ed06dc3293e16fc75def7a181e295e58facb048f73516efc0,used
D:\Users\L1\Downloads\archive\video\cctv052x2004080611x01894.avi,train,6d4a98a3033b7a67f4373dd5847e15285d7caf4d70152000cb79eb7c91664dc0,used
D:\Users\L1\Downloads\archive\video\cctv052x2004080520x01700.avi,train,50db8783e2e560effbddb587563b64f1e5e35e7e104b293ef541bc2b89e6a64c,used
D:\Users\L1\Downloads\archive\video\cctv052x2004080516x01641.avi,train,fc82cdba600ca446ec65dbe3532f710d239ec6382e455946d5fac16f214ee3c7,used
D:\Users\L1\Downloads\archive\video\cctv052x2004080517x01654.avi,train,cd9071d2a635f9b40baa1410d19df0680b0bbbd33c01d375a6f9ce73f37dc94b,used
D:\Users\L1\Downloads\archive\video\cctv052x2004080606x01832.avi,train,bf0098fd2986caf3d3e97ba4ca4c7ee3eec7184cff205d89d6fae7968a9c165e,used
D:\Users\L1\Downloads\archive\video\cctv052x2004080610x01882.avi,train,86aa5357e279be6533c502472ad1355c346044ec74c6709fd124725842db0b00,used
D:\Users\L1\Downloads\archive\video\cctv052x2004080613x00008.avi,train,e3c7e12b9c52cbdd6292dcc5877ca8ddd8428b2d7fe1cac30d0d5d4f5827aaa5,used
D:\Users\L1\Downloads\archive\video\cctv052x2004080612x00002.avi,train,014d9e3bbf0bbbf971f3d1d7ac95954a3622f38c9a644495335428cae02380c9,used
D:\Users\L1\Downloads\archive\video\cctv052x2004080617x00066.avi,train,29035d6a8f22d61d94352041eedf0ebec87d6b893e8b8746b0a823d7632b0a69,used
D:\Users\L1\Downloads\archive\video\cctv052x2004080609x01859.avi,train,22f85e29379203d916ddb40d6a03eabd4dc53f9df5a2de4ba93825396934e5af,used
D:\Users\L1\Downloads\archive\video\cctv052x2004080616x00056.avi,train,6862846a4f8fcfa693445ad0812cd85c6ec542623fec4dbc0c25879a1ce4e813,used
D:\Users\L1\Downloads\archive\video\cctv052x2004080516x01640.avi,train,500bc1835a59f170e450e96ed5a224d5b7a10cae88cc108cf8461a87d754c171,used
D:\Users\L1\Downloads\archive\video\cctv052x2004080612x01908.avi,train,92233867994f7bfbeb9f42eb3770585fc01cf2a513dfb05bc8348e59fb061178,used
D:\Users\L1\Downloads\archive\video\cctv052x2004080619x00096.avi,train,61f22760caaa354cf223399f2d4a2cf9b2fbdd2f53529772a90b9b1199418c69,used
D:\Users\L1\Downloads\archive\video\cctv052x2004080607x01841.avi,train,c7834745ac91ace2ea7ea6e5871f283c49b7382734596a3b33e0dd59046e0275,used
D:\Users\L1\Downloads\archive\video\cctv052x2004080608x01858.avi,train,8555f2ba22aa8d9797492647926c61cef6831411306de409043fe34716316ec1,used
D:\Users\L1\Downloads\archive\video\cctv052x2004080612x00004.avi,train,d99c83dee810c9090696c2af3c1e21c34c49a8e909e810ff3ff67939619a5b4c,used
D:\Users\L1\Downloads\archive\video\cctv052x2004080612x00000.avi,train,3f16371ecddf19def5d77dbd89fea1ba9cf12bb75926d5e81c60ab522f93eab0,used
D:\Users\L1\Downloads\archive\video\cctv052x2004080519x01686.avi,train,ff253c7d160ccb74dd08d2636dc7925f68063b0a0ee6fffa93c5b6d12c079dc6,used
D:\Users\L1\Downloads\archive\video\cctv052x2004080609x01873.avi,train,60bd0d8333280e946f144c8f7899cf76abd41e3b4bfe817024d0cdd077e20816,used
D:\Users\L1\Downloads\archive\video\cctv052x2004080617x00076.avi,train,4898159865302113a612f030aa8e389ca99daf545ecfc764b0f64cd30cc498b9,used
D:\Users\L1\Downloads\archive\video\cctv052x2004080607x01837.avi,train,d1c143b52d4db77f860335b92c8b4b8dee175d8cb38d9a09b63d1259404d34ff,used
D:\Users\L1\Downloads\archive\video\cctv052x2004080518x01677.avi,train,64fd64580aecf19c13f3f8318608eb706a1cf27c3ea47f66c85fb3faf2ef428b,used
D:\Users\L1\Downloads\archive\video\cctv052x2004080517x01652.avi,train,c2137df13a6a4e69745b04b5567b58b1ea8fc2069f398a354b751fafd93a64fc,used
D:\Users\L1\Downloads\archive\video\cctv052x2004080607x01839.avi,train,fae101ec1e78f4c5d3907d2c3b93ffe1d0431f127e578b5989e09fc40bbc299e,used
D:\Users\L1\Downloads\archive\video\cctv052x2004080619x00094.avi,train,d2769ecf96fa8f854077dc44db471dae9d7481aa05121f5fbdaa82b180b47181,used
D:\Users\L1\Downloads\archive\video\cctv052x2004080606x01823.avi,train,7eb3f033a2c008485256eed3cc5dd868c2c112fed2a265d13d8ce4b8dd9f4c97,used
D:\Users\L1\Downloads\archive\video\cctv052x2004080518x01672.avi,train,6fe27aac4b62958eb4ae9e9e578fb28fc21e67cd525da3cc31e572d8f8c4a1e4,used
D:\Users\L1\Downloads\archive\video\cctv052x2004080516x01638.avi,train,44aa33e51ac3c15e85741c6431dfd3adf889360a6057312081b3f1461120e2ce,used
D:\Users\L1\Downloads\archive\video\cctv052x2004080618x00080.avi,train,10dd6d4cb07834cb87cb4058ec12d3dbe782b40639e80546e5d4b060f9608d6d,used
D:\Users\L1\Downloads\archive\video\cctv052x2004080616x00062.avi,train,112cce4cd661c4043c85d1cd89e952848e22f4e8838026f1738454dd0bbd1d8d,used
D:\Users\L1\Downloads\archive\video\cctv052x2004080616x00058.avi,train,d8666a3aa1b476882d164254948f3ae7d568e5c1c7d9116c48c81621072c1af6,used
D:\Users\L1\Downloads\archive\video\cctv052x2004080518x01676.avi,train,6d02e278ed401c702eef9a3423103c764ad81bac63bc402198a90cac227fc376,used
D:\Users\L1\Downloads\archive\video\cctv052x2004080613x00013.avi,train,fdba7b748280fb408037ae361a19580bc951cf597c1def8c76f0b975091d0037,used
D:\Users\L1\Downloads\archive\video\cctv052x2004080619x00097.avi,train,ea676e1b23c42ecc66efbc5760a4cc756675eb44c985846733e9d19f2eaa0a06,used
D:\Users\L1\Downloads\archive\video\cctv052x2004080607x01842.avi,train,4a196c3c7bf416f172dc2a5a64ff707abe11f2e6225bb4add8aa9992eea2b6e6,used
D:\Users\L1\Downloads\archive\video\cctv052x2004080518x01673.avi,train,a60c1e894d128e52aa1cc63abedf050eae5cb6313af88953bb786b6775c28781,used
D:\Users\L1\Downloads\archive\video\cctv052x2004080617x00074.avi,train,4cf7d13b1e696a2c6f0742d42b43de33bbc5bf39e71759659d3eda798e11c354,used
D:\Users\L1\Downloads\archive\video\cctv052x2004080613x00011.avi,train,8cb24eacad04827dff6652bba8d08bb17031ff4f45531e6536ace941c9eb8c34,used
D:\Users\L1\Downloads\archive\video\cctv052x2004080609x01872.avi,train,364bc4533d24a71b17924aa027b5a7354b1ece0caf995a639de60f1029a2af91,used
D:\Users\L1\Downloads\archive\video\cctv052x2004080615x00029.avi,train,a47e38b21421625e3a67bcc1f8bdfc4b68b8e5102586eb749e6e8fa879121620,used
D:\Users\L1\Downloads\archive\video\cctv052x2004080609x01866.avi,train,4705ffc0c6e4759840dfae7288d29382a75703f63060f4ef40f20cbb3de44e3c,used
D:\Users\L1\Downloads\archive\video\cctv052x2004080617x00067.avi,train,e917c613a6f1fd7a8724190b64a1af4d1cb17d2b26628f2ae3b61f8e25772a9c,used
D:\Users\L1\Downloads\archive\video\cctv052x2004080619x00104.avi,train,7e48b0ecaed4acea8976a6b91b0f695a0b52d39f3c72a9f2e16e3fb571ee6c4a,used
D:\Users\L1\Downloads\archive\video\cctv052x2004080518x01671.avi,train,70594ef3f5bb8b300800305c90133ad0bca1366709bf01e09e3a4b9d30f80bed,used
D:\Users\L1\Downloads\archive\video\cctv052x2004080611x01897.avi,train,58721351fa070e76c3a549396b36e1009815c90ec5553300a154fb7d61314380,used
D:\Users\L1\Downloads\archive\video\cctv052x2004080614x00019.avi,train,213ebf56c61ac5a00dd4dba97b5dd61edb4e3cd5bbb4694002f996b43ca52098,used
D:\Users\L1\Downloads\archive\video\cctv052x2004080609x01864.avi,train,ac95c3f90e6737b6fd318bc384331e10e300187157cc9202734e45d050ec92d0,used
D:\Users\L1\Downloads\archive\video\cctv052x2004080519x01687.avi,train,ddf9273703ca0833eed8843dd8d915f2d3ba603498b922bff0d546d7b53d4e79,used
D:\Users\L1\Downloads\archive\video\cctv052x2004080614x00027.avi,train,c5d8103a7dffc888ca12f904522b050b280531591653ccb7c3025cb9774973ed,used
D:\Users\L1\Downloads\archive\video\cctv052x2004080615x00028.avi,train,0978e13346c60eafe21f33dd527ae9d57df9fd64e5bc528df96971cc6337fb02,used
D:\Users\L1\Downloads\archive\video\cctv052x2004080607x01836.avi,train,e37b9537eb3e7b9276bafac49450bb989c465728d38f23c1c8c4e6af01650504,used
D:\Users\L1\Downloads\archive\video\cctv052x2004080610x01885.avi,train,70132a36fe86604409e3fc87dbb87f538c0309bce9886d0582addaa655e84102,used
D:\Users\L1\Downloads\archive\video\cctv052x2004080616x00061.avi,train,a31cec903a9fa2e668fee95fb3a20e1971878aebf7af6802433597cd422ebca8,used
D:\Users\L1\Downloads\archive\video\cctv052x2004080611x01896.avi,train,a2e9d06fd4ca72b58027b6f07bb299e2127e623b79212b0e52d4c396a11ccdd7,used
D:\Users\L1\Downloads\archive\video\cctv052x2004080614x00020.avi,train,119342e576c3618b1f626caddccad7882a357ea883e7c33d05120f9bcab21f9f,used
D:\Users\L1\Downloads\archive\video\cctv052x2004080612x01909.avi,train,5934a417eda9a56cb486ca3584d6a96eb23ea2461ab036b18d71e3ef23aa2404,used
D:\Users\L1\Downloads\archive\video\cctv052x2004080517x01658.avi,train,7d70bd2b2bc7aa8f9bdcb35b8ea354fd0a7e81ee080a0d7facd6cc624598efcd,used
D:\Users\L1\Downloads\archive\video\cctv052x2004080611x01907.avi,train,65f8c2cf4459a3b3c5eed8ef98cb0f3cd2264ada064f38367ff12b8c7eef35e0,used
D:\Users\L1\Downloads\archive\video\cctv052x2004080609x01871.avi,train,00b2410f1702b021a5c88f393a26a2a395063beede4240960cbe681503a27718,used
D:\Users\L1\Downloads\archive\video\cctv052x2004080618x00081.avi,train,635c505a45cfc5c9ff962be0272b8c373c2e88b8e06e329665e3f0016e5d136f,used
D:\Users\L1\Downloads\archive\video\cctv052x2004080615x00037.avi,train,7a5db16dba9381f4bc2c779056d2c7f5684e42db2d40f9bf35ceea7f060c2156,used
D:\Users\L1\Downloads\archive\video\cctv052x2004080614x00025.avi,train,95a79c7a8eaaa58ca8ecf81ff8e8068985c55abab4387b29358ba32b501de297,used
D:\Users\L1\Downloads\archive\video\cctv052x2004080610x01890.avi,train,ef186b923525d1af4bed697c985d08f2e6ea77e906186ca6112898eedb1be141,used
D:\Users\L1\Downloads\archive\video\cctv052x2004080606x01824.avi,train,62c7ba4f596b1a72a4fcb44ba2e7e3869bf9c3b39c3a69c66b61c01b88606336,used
D:\Users\L1\Downloads\archive\video\cctv052x2004080619x00098.avi,train,6f3979f8b1d1e950bc797641d530be9b931ea87c9654dcdd9581aacbf5dd8b4b,used
D:\Users\L1\Downloads\archive\video\cctv052x2004080620x00107.avi,train,4a885c3fca22bb60b89f33e1dd3adcf3a00befcbdc7b5eff88c808354169b00d,used
D:\Users\L1\Downloads\archive\video\cctv052x2004080519x01685.avi,train,7dbdbe8015e0906e955fe30c09859b5e077f3fe31205dcedbb0d5f813cfb0ec2,used
D:\Users\L1\Downloads\archive\video\cctv052x2004080519x01690.avi,train,59a926ad9d8f43f66d6a0c9f58859ee5c8d31add87e7f9ac0c3b9ad8a7f9201c,used
D:\Users\L1\Downloads\archive\video\cctv052x2004080610x01886.avi,train,6ea6967ac82d1c07db3ab641a530f7fbab3603529ed8e399dd5fb7c34c93b240,used
D:\Users\L1\Downloads\archive\video\cctv052x2004080617x00071.avi,train,acf08c67c3a6fdb32c329fb6e76fd26df4b8f10c7c60700c326e7ac563b8b637,used
D:\Users\L1\Downloads\archive\video\cctv052x2004080611x01898.avi,train,deaac604f20565eda94f2c3e1506d801aa33c6409ac9795f31546c57aa389444,used
D:\Users\L1\Downloads\archive\video\cctv052x2004080614x00023.avi,train,c7dc6c0652af370c442b5c735a4e3bfbcbc286b33917bbe5342c607bffc6d68f,used
D:\Users\L1\Downloads\archive\video\cctv052x2004080608x01855.avi,train,2e0eb3cd91a85f2c0953408bf4532840dc0425c8910d6dc07babf173fb733034,used
D:\Users\L1\Downloads\archive\video\cctv052x2004080610x01892.avi,train,39ccedc6b81f7be11bc71490c87bbd7e90ea968bd92a56ecc7487c5c6b43ba76,used
D:\Users\L1\Downloads\archive\video\cctv052x2004080606x01822.avi,train,2a05796b018f2af4e049007553e927ece02ee11b4245f44e0c11eff2f3594bf0,used
D:\Users\L1\Downloads\archive\video\cctv052x2004080619x00101.avi,train,d82a5fcacaa8a11f317b9e1a8260f39c8bd274ef827b6485bf248dbe495103f2,used
D:\Users\L1\Downloads\archive\video\cctv052x2004080619x00100.avi,train,78bf0bf64fea043792616ee9168a60dc0ff291084733b9cc8496a2b6b4af0eb4,used
D:\Users\L1\Downloads\archive\video\cctv052x2004080518x01675.avi,train,cc0f87663689596bb83f35597e2ad51664033fb4526e2ab69232d59b84792cfa,used
D:\Users\L1\Downloads\archive\video\cctv052x2004080615x00045.avi,train,04aea9dda2585f227c382b78de0d4c44426d4cc404595588e027b1b7bf2669e2,used
D:\Users\L1\Downloads\archive\video\cctv052x2004080609x01861.avi,train,065db73a334e2a9b2ad2d4762022dd37a601bce68a932f41bae6e6a617c94102,used
D:\Users\L1\Downloads\archive\video\cctv052x2004080610x01889.avi,train,fa979072d9546a6f8ac6e4d16f7490ba6c217bfe27a8d5a6ecae9e2946400f9d,used
D:\Users\L1\Downloads\archive\video\cctv052x2004080615x00041.avi,train,8289b787c3020c2f5093cb5e469755f0535c45da59fbf32af2f873c35713e666,used
D:\Users\L1\Downloads\archive\video\cctv052x2004080615x00033.avi,train,d8e390489746b966e3e4acb045746727db41c4f17e147bd41a99aa875f5088c3,used
D:\Users\L1\Downloads\archive\video\cctv052x2004080519x01693.avi,train,b0d4fcf799c3ae5be37f5823de7c96ab5dea6833017a4c2c72984cdd69e238b4,used
D:\Users\L1\Downloads\archive\video\cctv052x2004080517x01655.avi,train,f8f9c3ca1c52454c15224d9216890ca006ef640caedabb34ee081ecc2775fd96,used
D:\Users\L1\Downloads\archive\video\cctv052x2004080612x01912.avi,train,f76cf57351dc5721d6a9390b1fdc2e14aeaf47e205acbb68133a67ffd64b59a2,used
D:\Users\L1\Downloads\archive\video\cctv052x2004080609x01862.avi,train,c5cd79a8514e275153617761ba900a2f8f6648e7b4b53b341ac1d1c21d5639de,used
D:\Users\L1\Downloads\archive\video\cctv052x2004080607x01840.avi,train,f425a85869596459b6010728e763f132d31ec371418e97062a5e7c6df5ff0bd4,used
D:\Users\L1\Downloads\archive\video\cctv052x2004080619x00091.avi,train,decb80c2545123c5999ece0b88f4042fc1669f48cd2c31d5de0774b2cc2ca518,used
D:\Users\L1\Downloads\archive\video\cctv052x2004080614x00022.avi,train,adb0eb173d9601793ab758342b1c4eb5cd5e2d6d80aacf37650dea8335363575,used
D:\Users\L1\Downloads\archive\video\cctv052x2004080517x01653.avi,train,a70712632b4dc6f6f3d895fab4e783be1d5f5698ead70e63c24b4d50ced751e7,used
D:\Users\L1\Downloads\archive\video\cctv052x2004080607x01843.avi,train,8c57c316db3ec7603cefe5057d0e6ccd2d7e619bedb1307d87fcb5bac91c65bf,used
D:\Users\L1\Downloads\archive\video\cctv052x2004080617x00072.avi,train,4f9871f5b4fde915136d4c5148dbb1eae86f8a87d539fe43b4405fa1591d717c,used
D:\Users\L1\Downloads\archive\video\cctv052x2004080611x01905.avi,train,b3649c611815c5a1b83ffb6e6554f4894be6972f71a74e895f873628525f288a,used
D:\Users\L1\Downloads\archive\video\cctv052x2004080606x01829.avi,train,023e83e3ac14a6f27ae8a79ce187b0ead66d1ff0c055cd4b7456807854135559,used
D:\Users\L1\Downloads\archive\video\cctv052x2004080613x00017.avi,train,ee9dd2980d2fbbbab3e84fc479951c33b7e27495996819d943e86822491c3948,used
D:\Users\L1\Downloads\archive\video\cctv052x2004080610x01879.avi,train,82048cc3a964bce85c0eb6c22c49d0eb5bda5bf2ce4a89c9b1603d9491bca3cc,used
D:\Users\L1\Downloads\archive\video\cctv052x2004080617x00064.avi,train,62556133cf414f94ae00bc0b808bd70d0e100c920ccc4de6165342e2f10c494c,used
D:\Users\L1\Downloads\archive\video\cctv052x2004080619x00103.avi,train,84fef0e4a6cdcade17cf9eafeec6aadc19169109bfdf3e347ed8978fd45f8232,used
D:\Users\L1\Downloads\archive\video\cctv052x2004080611x01899.avi,train,025276434f2c2a9dc5fa80caf520e05e84002d53d42a5d26d1853d0eb0a3b98d,used
D:\Users\L1\Downloads\archive\video\cctv052x2004080519x01682.avi,train,d7999117cda831bbeb856c491c46726ca1421841f25f945a5f29958464e24de2,used
D:\Users\L1\Downloads\archive\video\cctv052x2004080517x01657.avi,train,d71568b640048f42e35b13b8da17f66be59fc8aca30d384b9919cebbf8a0d743,used
D:\Users\L1\Downloads\archive\video\cctv052x2004080606x01828.avi,train,8d52594e0849b3a044fb8888e5daa5f84f4669a580f6f66a443140ef43a9fed6,used
D:\Users\L1\Downloads\archive\video\cctv052x2004080519x01692.avi,train,c58a25fdd2c19d031feb3562de5ca46773b48e2d633348c9576ae269ffa9a2e1,used
D:\Users\L1\Downloads\archive\video\cctv052x2004080608x01850.avi,train,0f844c7dd072b4d15201fb682033c273a544888672654ae9d26b80ea8fc25dfa,used
D:\Users\L1\Downloads\archive\video\cctv052x2004080608x01854.avi,train,dc9c86d8045e929ec744313712f152b68a09c2fa05b205f968a88a8396570ce4,used
D:\Users\L1\Downloads\archive\video\cctv052x2004080519x01680.avi,train,0aa6a3c9314b391514250fb1e6ef5b43f1c6fc27c9e277e30c3ec908e219751c,used
D:\Users\L1\Downloads\archive\video\cctv052x2004080608x01853.avi,train,829464ce232b5f5e02bb27b69b57e87c59d0c6f32dffd99ef0bf2eaa9731e7db,used
D:\Users\L1\Downloads\archive\video\cctv052x2004080613x00014.avi,train,4ea5deccbf107af14510c12fb6254be2ecf4b1229e3a3210355c0decac2e4d90,used
D:\Users\L1\Downloads\archive\video\cctv052x2004080610x01877.avi,train,79fb18893035c8a649d6a46eba9a4dbe4de9bc58ad9173b24bc8100722fdfea3,used
D:\Users\L1\Downloads\archive\video\cctv052x2004080616x00060.avi,train,40710dc2a3fb9e7d642cb75160ae9a15f23a1289565c05d26776caf1cbe7cc37,used
D:\Users\L1\Downloads\archive\video\cctv052x2004080616x00053.avi,train,119fd61a2330a372474406de20e36cf219837aa906c9100b97c82521eb44074b,used
D:\Users\L1\Downloads\archive\video\cctv052x2004080517x01664.avi,train,6dc7be056baf060a5f445d367018e135d3de671bd77439d03328cb0d8125cc53,used
D:\Users\L1\Downloads\archive\video\cctv052x2004080618x00087.avi,train,d538976eb007f94a35de637feb827aeb485b334e732b2d293c69f562c126ac9f,used
D:\Users\L1\Downloads\archive\video\cctv052x2004080615x00034.avi,train,a0cd9a75bb408a97133801cedbaca4a3124bf5aa6b9405b31be3acf0293ac8a2,used
D:\Users\L1\Downloads\archive\video\cctv052x2004080606x01834.avi,train,8969305e415c5f323902d273fabc206a071d5cc2b43fd1c40fe24faeb258bc9c,used
D:\Users\L1\Downloads\archive\video\cctv052x2004080520x01698.avi,train,0c69d68da0d741127b116eabfd73d7646168e33e3124176e461c7135ac6b9491,used
D:\Users\L1\Downloads\archive\video\cctv052x2004080614x00021.avi,val,9c6323f1c2fc7f27470aa3ba3e0a60d2af38459d7937b62e2e08028f5ea64afc,used
D:\Users\L1\Downloads\archive\video\cctv052x2004080616x00047.avi,val,1e3ee016ad534606dc80d1019fc09dc45712401ba0d5073acb020bdf23ed6a34,used
D:\Users\L1\Downloads\archive\video\cctv052x2004080517x01656.avi,val,dedc5984d3320ca2ef25671f81b164dbe40dbb81de3f316739598b5620149530,used
D:\Users\L1\Downloads\archive\video\cctv052x2004080519x01688.avi,val,e2461ad86b440e834d5ddf652b837d0848925e06d4f675d0cd8bed6423bdf6d2,used
D:\Users\L1\Downloads\archive\video\cctv052x2004080612x00003.avi,val,930aa622409e314f90de9d735f69cd4dd4da73f09537b40803dfc9cf3afabea3,used
D:\Users\L1\Downloads\archive\video\cctv052x2004080608x01852.avi,val,1b0b301ce2512253af9cc449d3ffd3b12d859708168cf5da28d6cdac328df543,used
D:\Users\L1\Downloads\archive\video\cctv052x2004080613x00010.avi,val,71f3a2593e453036bb3c5c5cb05faeb248a5454bddee962f29073cc76b7db950,used
D:\Users\L1\Downloads\archive\video\cctv052x2004080613x00012.avi,val,4ebc68012357c4a50395b3e2531ba3214c6ce63ff25be87bfda62dcdc4aec34e,used
D:\Users\L1\Downloads\archive\video\cctv052x2004080607x01835.avi,val,346c4b8ba5c0aaaf245ba3b19245670e9416c1423d120f5faa60939bf92d6aba,used
D:\Users\L1\Downloads\archive\video\cctv052x2004080611x01904.avi,val,3ef54c3142967e7a07d17ab058cc419b6735e97adcbf09ee2f46fe5e970f13bc,used
D:\Users\L1\Downloads\archive\video\cctv052x2004080517x01659.avi,val,4b4f4bae273cf3863edbb799a3ed64185521a4a055eb1305918484d9fa78a119,used
D:\Users\L1\Downloads\archive\video\cctv052x2004080608x01856.avi,val,42abe75770ebe4e898ce115676e6ce2d100b76503849d6ce988943b883189a1e,used
D:\Users\L1\Downloads\archive\video\cctv052x2004080518x01670.avi,val,c787b4bb5fb427580131f0b527f26412ee7d1da585d7b70ffd7ea2fb12fdd46e,used
D:\Users\L1\Downloads\archive\video\cctv052x2004080611x01900.avi,val,bad070f7bdbe64325fa95b6323b160b8fecee0457d61bdf5862aaa1ad84e841c,used
D:\Users\L1\Downloads\archive\video\cctv052x2004080610x01878.avi,val,bb3bb0021f5d4a93f2680c4d6b79ed8dc515b4754f2807dd934406ae012e65b8,used
D:\Users\L1\Downloads\archive\video\cctv052x2004080616x00046.avi,val,150f8b6af12063bef11fcd9248dc287c43977d2098ff972ee055e626521b4d84,used
D:\Users\L1\Downloads\archive\video\cctv052x2004080516x01649.avi,val,c1b185eee5c44386b9bb46ab210eed9cd78613be85e32146962328882a6150b4,used
D:\Users\L1\Downloads\archive\video\cctv052x2004080606x01827.avi,val,567d7c5c88347e995823ec62235b85e535acce77b60a07718a87bf17a745dfd9,used
D:\Users\L1\Downloads\archive\video\cctv052x2004080618x00085.avi,val,b37890ea39833a06289d68af44be922fb46aafd8f093eebe0f0d15f70b4f35ef,used
D:\Users\L1\Downloads\archive\video\cctv052x2004080607x01848.avi,val,3a92578ed6108793c158121e3bbeb995d18685e1b61443d1441f70bccfbcc105,used
D:\Users\L1\Downloads\archive\video\cctv052x2004080608x01851.avi,val,0a7d12d81701ae7ceb124e38eb34d83f2f3da0e74ee6d3f40aa3e4d04317ba9f,used
D:\Users\L1\Downloads\archive\video\cctv052x2004080517x01663.avi,val,8f999e848e3707c6cae4a1b4d55751224ddb632cbb4239f2c59ee3dceddb4582,used
D:\Users\L1\Downloads\archive\video\cctv052x2004080608x01857.avi,val,3fc77b146981fa483a3d12267592ac3a414184425c5cee53ff6a965017362ec0,used
D:\Users\L1\Downloads\archive\video\cctv052x2004080618x00089.avi,val,3ece66ba9727eebd23dbf46180bd61f44fb84b90afd9bb133b4c28370925c407,used
D:\Users\L1\Downloads\archive\video\cctv052x2004080619x00099.avi,val,a17ad1dd06f7a2fc95a5fc24f86e4b86eaf416a5f3575d1ed8a4094eb3f64775,used
D:\Users\L1\Downloads\archive\video\cctv052x2004080607x01846.avi,val,c40a663ed79294bc22b93b118d4dda8709ea023ba5a6fa4e89d12b68a5e25200,used
D:\Users\L1\Downloads\archive\video\cctv052x2004080616x00055.avi,val,cb9d6fc038edb374e275997f40fb81a1a6758b913e4918853381c61ea2db9f4d,used
D:\Users\L1\Downloads\archive\video\cctv052x2004080618x00088.avi,val,34437a38c6a6c8370f1ed9aa2e033d722749291a5456aba02b987f6ee9f9c275,used
D:\Users\L1\Downloads\archive\video\cctv052x2004080519x01678.avi,val,7c569bb343c161bb90d5a65b6fbad27f6939ce1b841a67173fbfde6ba2c672b1,used
D:\Users\L1\Downloads\archive\video\cctv052x2004080617x00069.avi,val,21c2dc42896d1d6b86be10e3aca26ed266522887a7d776c6387b9e2d6ff4f6e6,used
D:\Users\L1\Downloads\archive\video\cctv052x2004080607x01847.avi,val,2c12c70a5ec769026b63922692b8c09ff2293f834fab82669ad2886988895237,used
D:\Users\L1\Downloads\archive\video\cctv052x2004080619x00092.avi,val,157a6f208c93ca5751e74a6c4d5f2191c69999469c6a8b4603145c3ddf7b4aeb,used
D:\Users\L1\Downloads\archive\video\cctv052x2004080615x00031.avi,val,9cf1d4eaa8b825659e4dbe179f65e23225e9f7c3f23ff1647484789a7e8a7f76,used
D:\Users\L1\Downloads\archive\video\cctv052x2004080519x01679.avi,val,544edc4927d25ba50a051b9996aed28bf083f7e435c6a5ffbdae08efe13f5a49,used
D:\Users\L1\Downloads\archive\video\cctv052x2004080616x00054.avi,val,220173615271b6bed257eaf326e9e3ea17bee30ecdfb980c06a4451425cae538,used
D:\Users\L1\Downloads\archive\video\cctv052x2004080516x01639.avi,val,89319e2c9a5744044f3ab176344b8f6d8327a522a92a09822893bcb7daf8b2a6,used
D:\Users\L1\Downloads\archive\video\cctv052x2004080617x00068.avi,val,d153280713208d2ed6415794624c312bc527da5827a4032993751251e5f327e6,used
D:\Users\L1\Downloads\archive\video\cctv052x2004080606x01831.avi,val,2d6dd9b944ab71cbd29e037385444d17a57f303cac8e96be5e0f3ec1f5592ba7,used
D:\Users\L1\Downloads\archive\video\cctv052x2004080612x00006.avi,val,6d3f6d25916302159a01f45a0761d0108e06d338549c0c31a28e53206dc4db84,used
D:\Users\L1\Downloads\archive\video\cctv052x2004080609x01875.avi,val,ebe49ad4e83d581a51484c79405316412fa5e77a1a5e42c2c3a09a8d7dd6bc26,used
D:\Users\L1\Downloads\archive\video\cctv052x2004080520x01695.avi,val,fdcf0bb2592a723c366581c7cec5dfd6170faedaf71ea72b29e35541991d5206,used
D:\Users\L1\Downloads\archive\video\cctv052x2004080609x01867.avi,val,218389b6f9f133c8b2b692ddab6e05bba77901ad10df08a1706aaab3a1480996,used
D:\Users\L1\Downloads\archive\video\cctv052x2004080619x00095.avi,val,8008cd8fe41ac6bbd9e7cc779c48217994d0328de95531173cf6ab40fd792638,used
D:\Users\L1\Downloads\archive\video\cctv052x2004080615x00032.avi,val,933000bb6c075507a85c2b8d7bb0d4d6e14ee4bc2696fee2e1d97f1465657e9b,used
D:\Users\L1\Downloads\archive\video\cctv052x2004080613x00018.avi,val,b3814167829bc29fdb818a25220b0cea157202d648754e6f891d0cdfbce0cf3e,used
D:\Users\L1\Downloads\archive\video\cctv052x2004080615x00039.avi,val,cc63828975b49ca8b4cd67c1a07e7cb06dd53340889e086c34648934b3d31d9c,used
D:\Users\L1\Downloads\archive\video\cctv052x2004080519x01689.avi,val,afb1d48770e8fe3cb6204aeba8441af4ab37d1b351726cf2ed44c31c8c5f4a68,used
D:\Users\L1\Downloads\archive\video\cctv052x2004080611x01906.avi,val,c06c9e35adab70cc9773d55df8607429133c63a2882945689b205030cb159112,used
D:\Users\L1\Downloads\archive\video\cctv052x2004080620x00106.avi,val,c572cc60654ef821d8e36af69c77f48de8d9957b9376b61421387bc0636f8b46,used
D:\Users\L1\Downloads\archive\video\cctv052x2004080612x01910.avi,test,f5f0d3b5ecc300b7a26f1b315b596132243e4d20fde806e5c376d495e3f8f77f,used
D:\Users\L1\Downloads\archive\video\cctv052x2004080610x01891.avi,test,6d6ff1cc1ff9cae66870b261e4ee6d588d35507e99dc83db0b0a1c00a7bc9193,used
D:\Users\L1\Downloads\archive\video\cctv052x2004080520x01699.avi,test,c5f45f34f5fe072571f7070e8104ce092b7049b8db335231473243db21be075f,used
D:\Users\L1\Downloads\archive\video\cctv052x2004080520x01694.avi,test,b980f17563553c8625da2bba1fdb94bbe201e63b773c5c337ee4a862e8ce4dcd,used
D:\Users\L1\Downloads\archive\video\cctv052x2004080517x01662.avi,test,5b68f7f1110d6e7812008fb040b3abe3792aae8d9cc525d1dd121b7e2fa0703c,used
D:\Users\L1\Downloads\archive\video\cctv052x2004080516x01645.avi,test,639fc91a3bcd9b61df415860080a43d98ad23a62000112d1d7d87c44a809d453,used
D:\Users\L1\Downloads\archive\video\cctv052x2004080516x01646.avi,test,be0b5c318d6f1066269ee07720ddff9ebb2e178274de9982c7f50a83131bb09f,used
D:\Users\L1\Downloads\archive\video\cctv052x2004080609x01869.avi,test,040e054049cdad5cd1089d7b0486aac8f26baed16505ee60196b74a6b45f95be,used
D:\Users\L1\Downloads\archive\video\cctv052x2004080612x00007.avi,test,d4aa8d08d98d470e3266901fa742b78594af0fc15b05ef8b5cb0dd5af586722b,used
D:\Users\L1\Downloads\archive\video\cctv052x2004080517x01661.avi,test,f70dd2b8e90382956234b8d1aefa18ed6ba30e4d1ccd1ad76b2bc3fe0acd0a8a,used
D:\Users\L1\Downloads\archive\video\cctv052x2004080611x01902.avi,test,9115b1d10811cccb8e1e976fa6690943f39add025dec991b6eff029240ab4d76,used
D:\Users\L1\Downloads\archive\video\cctv052x2004080619x00093.avi,test,2739900bc99c31376d6fce3eabd57449f57c9ab929225f7a08979eece836665b,used
D:\Users\L1\Downloads\archive\video\cctv052x2004080620x00105.avi,test,cc5fe3ac6e5a7fc5abbedbd143fe3cdf70c93220025ef51705112ce3e63d7f49,used
D:\Users\L1\Downloads\archive\video\cctv052x2004080614x00026.avi,test,f1d721dc6b2a6c6569f0f4109c1674b45566fd9a4e89d672f22792371e5cd0c9,used
D:\Users\L1\Downloads\archive\video\cctv052x2004080517x01665.avi,test,e78b8029da7cd10e34feb278612c8ccaf8ff0bb8172464667751b800da05338a,used
D:\Users\L1\Downloads\archive\video\cctv052x2004080616x00048.avi,test,551bcf82e4b7096fb921af60f5b2f22d47e3dd5b99a0134eecc17f908fa202b2,used
D:\Users\L1\Downloads\archive\video\cctv052x2004080518x01674.avi,test,d863944597d9d706a626193bd2ec2b8969335d9972a2e1bf6be4b20509d5ccd1,used
D:\Users\L1\Downloads\archive\video\cctv052x2004080520x01697.avi,test,25f978da4e4351dbdfed5822cc2ab07b8665db5c0e08bb5ca740ba1eb0aace94,used
D:\Users\L1\Downloads\archive\video\cctv052x2004080606x01821.avi,test,fe91f673a0a38b66d49c990f3c6cdbea766642973287dde582ca332396e54780,used
D:\Users\L1\Downloads\archive\video\cctv052x2004080606x01830.avi,test,a1db854d2f5037109f5ece916eb51cdb79d69ea479ed5839da12c086f8ceb776,used
D:\Users\L1\Downloads\archive\video\cctv052x2004080616x00049.avi,test,266f92eae762501c34aadbb8293d46ffc7a50a507564f524d9b8b225ad0c027a,used
D:\Users\L1\Downloads\archive\video\cctv052x2004080516x01644.avi,test,8f0dc9aa30233f50ede315532c540f3da0cb8581a85cb64aeecbfe52c014ae55,used
D:\Users\L1\Downloads\archive\video\cctv052x2004080518x01667.avi,test,4c4e6a844a164bfa021dc6e7a28d2b93db6640f2d911c94c5441866d1f533057,used
D:\Users\L1\Downloads\archive\video\cctv052x2004080613x00015.avi,test,5eab3fee093e425d9e910d6d254d21bbab9a6407437a80c863762d801fcf07d5,used
